seed,episode,step,aif_action,stay_action,aif_reward,stay_reward,q_pi,G
0,0,0,4,1,-0.01,-0.01,"[0.0024737  0.0024737  0.0024737  0.0024737  0.02228971 0.00174917
 0.00174917 0.00174917 0.00174917 0.01576103 0.0024737  0.0024737
 0.0024737  0.0024737  0.02228971 0.00174917 0.00174917 0.00174917
 0.00174917 0.01576103 0.16389466 0.16389279 0.16389466 0.16389279
 0.23454067]","[-19.43057984 -19.43057984 -19.43057985 -19.43057984 -18.88097765
 -19.43057985 -19.43057985 -19.43057985 -19.43057985 -18.88098032
 -19.43057985 -19.43057984 -19.43057984 -19.43057984 -18.88097765
 -19.43057985 -19.43057985 -19.43057985 -19.43057985 -18.88098032
 -18.33151953 -18.33152238 -18.33151953 -18.33152238 -18.24202295]"
0,0,1,3,1,-0.01,-0.01,"[0.00555682 0.00555638 0.00555689 0.00555636 0.02647782 0.00392854
 0.0039289  0.00392886 0.00392853 0.01872001 0.00555689 0.00555636
 0.00555682 0.00555638 0.02647782 0.00392886 0.00392853 0.00392854
 0.0039289  0.01872001 0.16480385 0.16476061 0.16480385 0.16476061
 0.17459282]","[-19.01296045 -19.0129794  -19.01295737 -19.01297949 -18.61818583
 -19.01300121 -19.01297994 -19.01298287 -19.0130014  -18.61821375
 -19.01295737 -19.01297949 -19.01296045 -19.0129794  -18.61818583
 -19.01298287 -19.0130014  -19.01300121 -19.01297994 -18.61821375
 -18.09669733 -18.0967564  -18.09669733 -18.0967564  -18.08124683]"
0,0,2,0,1,-0.01,-0.01,"[0.0024496  0.00244962 0.00244963 0.00244957 0.02209561 0.00173211
 0.0017321  0.00173212 0.0017321  0.01562354 0.00244964 0.00244966
 0.00244962 0.00244966 0.02209573 0.00244955 0.00244959 0.0024496
 0.0024496  0.02209539 0.16245231 0.16244928 0.16245093 0.16245263
 0.2319608 ]","[-19.43044871 -19.43044814 -19.43044803 -19.43044958 -18.88052077
 -19.43044977 -19.43045036 -19.43044968 -19.4304503  -18.88052466
 -19.43044779 -19.43044746 -19.43044837 -19.43044729 -18.88052278
 -19.43045008 -19.430449   -19.43044885 -19.43044875 -18.88052113
 -18.33117347 -18.33117939 -18.33117758 -18.33117253 -18.24211897]"
